Date,Price,Open,High,Low,Vol.,Change %,,459.25%,-398.54%,,,,,
5/6/2024,184.8,183.78,187.5,182.26,80.87M,2.00%,15.31%,2.00%,0.00%,,459250,,,15.31%
5/3/2024,181.18,182.03,184.68,178.46,71.72M,0.60%,12.06%,0.60%,0.00%,,,,,12.06%
5/2/2024,180.1,183.33,184.57,176.26,88.28M,-0.04%,11.00%,0.00%,-0.04%,,,,,11.00%
5/1/2024,180.17,182.14,185.81,179.02,88.09M,-1.83%,10.97%,0.00%,-1.83%,,,,,10.97%
4/30/2024,183.52,187,190.76,182.88,120.68M,-5.43%,10.09%,0.00%,-5.43%,,,,,10.09%
4/29/2024,194.05,187.88,198.76,184.56,241.48M,15.31%,7.82%,15.31%,0.00%,,,,,7.82%
4/26/2024,168.29,168.85,172.12,166.37,109.82M,-1.11%,7.74%,0.00%,-1.11%,,,,,7.74%
4/25/2024,170.18,158.96,170.88,158.36,126.43M,4.97%,7.69%,4.97%,0.00%,,,,,7.69%
4/24/2024,162.13,162.84,167.97,157.51,181.18M,12.06%,7.51%,12.06%,0.00%,,,,,7.51%
4/23/2024,144.68,143.33,147.26,141.11,124.55M,1.85%,7.43%,1.85%,0.00%,,,,,7.43%
4/22/2024,142.05,140.56,144.44,138.8,106.48M,-3.40%,7.33%,0.00%,-3.40%,,,,,7.33%
4/19/2024,147.05,148.97,150.94,146.22,87.08M,-1.92%,6.90%,0.00%,-1.92%,,,,,6.90%
4/18/2024,149.93,151.25,152.2,148.7,96.10M,-3.55%,6.25%,0.00%,-3.55%,,,,,6.25%
4/17/2024,155.45,157.64,158.33,153.78,82.44M,-1.06%,6.25%,0.00%,-1.06%,,,,,6.25%
4/16/2024,157.11,156.74,158.19,153.75,97.00M,-2.71%,6.24%,0.00%,-2.71%,,,,,6.24%
4/15/2024,161.48,170.26,170.69,161.38,96.36M,-5.59%,6.22%,0.00%,-5.59%,,,,,6.22%
4/12/2024,171.05,172.34,173.81,170.36,64.72M,-2.03%,6.12%,0.00%,-2.03%,,,,,6.12%
4/11/2024,174.6,172.55,175.88,168.51,94.52M,1.65%,5.93%,1.65%,0.00%,,,,,5.93%
4/10/2024,171.76,173.04,174.93,170.01,84.53M,-2.89%,5.93%,0.00%,-2.89%,,,,,5.93%
4/9/2024,176.88,172.91,179.22,171.92,103.23M,2.25%,5.50%,2.25%,0.00%,,,,,5.50%
4/8/2024,172.98,169.34,174.5,167.79,104.04M,4.90%,5.46%,4.90%,0.00%,,,,,5.46%
4/5/2024,164.9,169.08,170.86,160.51,143.16M,-3.63%,5.34%,0.00%,-3.63%,,,,,5.34%
4/4/2024,171.11,170.07,177.19,168.01,123.16M,1.62%,5.12%,1.62%,0.00%,,,,,5.12%
4/3/2024,168.38,164.02,168.82,163.28,82.95M,1.05%,5.03%,1.05%,0.00%,,,,,5.03%
4/2/2024,166.63,164.75,167.69,163.43,116.65M,-4.90%,4.97%,0.00%,-4.90%,,,,,4.97%
4/1/2024,175.22,176.17,176.75,170.21,80.75M,-0.32%,4.91%,0.00%,-0.32%,,,,,4.91%
3/28/2024,175.79,177.45,179.57,175.3,77.66M,-2.25%,4.91%,0.00%,-2.25%,,,,,4.91%
3/27/2024,179.83,181.41,181.91,176,81.80M,1.22%,4.90%,1.22%,0.00%,,,,,4.90%
3/26/2024,177.67,178.58,184.25,177.38,113.19M,2.92%,4.85%,2.92%,0.00%,,,,,4.85%
3/25/2024,172.63,168.76,175.24,168.73,74.23M,1.05%,4.73%,1.05%,0.00%,,,,,4.73%
3/22/2024,170.83,166.69,171.2,166.3,74.98M,-1.15%,4.72%,0.00%,-1.15%,,,,,4.72%
3/21/2024,172.82,176.39,178.18,171.8,73.18M,-1.62%,4.69%,0.00%,-1.62%,,,,,4.69%
3/20/2024,175.66,173,176.25,170.82,82.81M,2.53%,4.58%,2.53%,0.00%,,,,,4.58%
3/19/2024,171.32,172.36,172.82,167.42,76.85M,-1.43%,4.51%,0.00%,-1.43%,,,,,4.51%
3/18/2024,173.8,170.02,174.72,165.9,107.20M,6.25%,4.41%,6.25%,0.00%,,,,,4.41%
3/15/2024,163.57,163.16,165.18,160.76,96.62M,0.66%,4.22%,0.66%,0.00%,,,,,4.22%
3/14/2024,162.5,167.77,171.17,160.51,125.50M,-4.12%,4.20%,0.00%,-4.12%,,,,,4.20%
3/13/2024,169.48,173.05,176.05,169.15,104.72M,-4.54%,4.19%,0.00%,-4.54%,,,,,4.19%
3/12/2024,177.54,177.77,179.43,172.41,87.01M,-0.13%,4.19%,0.00%,-0.13%,,,,,4.19%
3/11/2024,177.77,175.45,182.87,174.8,85.39M,1.39%,4.14%,1.39%,0.00%,,,,,4.14%
3/8/2024,175.34,181.5,182.73,174.7,85.55M,-1.85%,4.06%,0.00%,-1.85%,,,,,4.06%
3/7/2024,178.65,174.35,180.04,173.7,101.54M,1.20%,3.94%,1.20%,0.00%,,,,,3.94%
3/6/2024,176.54,179.99,181.58,173.7,106.63M,-2.32%,3.87%,0.00%,-2.32%,,,,,3.87%
3/5/2024,180.74,183.05,184.59,177.57,118.45M,-3.93%,3.80%,0.00%,-3.93%,,,,,3.80%
3/4/2024,188.14,198.73,199.75,186.72,133.23M,-7.16%,3.78%,0.00%,-7.16%,,,,,3.78%
3/1/2024,202.64,200.52,204.52,198.5,82.24M,0.38%,3.72%,0.38%,0.00%,,,,,3.72%
2/29/2024,201.88,204.18,205.28,198.45,85.22M,-0.08%,3.68%,0.00%,-0.08%,,,,,3.68%
2/28/2024,202.04,200.42,205.3,198.44,99.09M,1.16%,3.61%,1.16%,0.00%,,,,,3.61%
2/27/2024,199.73,204.04,205.6,198.26,108.27M,0.17%,3.55%,0.17%,0.00%,,,,,3.55%
2/26/2024,199.4,192.29,201.78,192,111.30M,3.87%,3.48%,3.87%,0.00%,,,,,3.48%
2/23/2024,191.97,195.31,197.57,191.5,78.84M,-2.76%,3.20%,0.00%,-2.76%,,,,,3.20%
2/22/2024,197.41,194,198.32,191.36,92.18M,1.36%,3.11%,1.36%,0.00%,,,,,3.11%
2/21/2024,194.77,193.36,199.44,191.95,102.40M,0.52%,3.10%,0.52%,0.00%,,,,,3.10%
2/20/2024,193.76,196.13,198.6,189.13,103.90M,-3.10%,3.00%,0.00%,-3.10%,,,,,3.00%
2/16/2024,199.95,202.06,203.17,197.4,111.35M,-0.25%,2.98%,0.00%,-0.25%,,,,,2.98%
2/15/2024,200.45,189.16,200.88,188.86,119.40M,6.22%,2.97%,6.22%,0.00%,,,,,2.97%
2/14/2024,188.71,185.3,188.89,183.35,79.79M,2.55%,2.92%,2.55%,0.00%,,,,,2.92%
2/13/2024,184.02,183.99,187.26,182.11,86.42M,-2.18%,2.57%,0.00%,-2.18%,,,,,2.57%
2/12/2024,188.13,192.11,194.73,187.28,95.00M,-2.81%,2.55%,0.00%,-2.81%,,,,,2.55%
2/9/2024,193.57,190.18,194.12,189.48,84.48M,2.12%,2.53%,2.12%,0.00%,,,,,2.53%
2/8/2024,189.56,189,191.62,185.58,82.78M,1.06%,2.52%,1.06%,0.00%,,,,,2.52%
2/7/2024,187.58,188.18,189.79,182.68,111.14M,1.34%,2.48%,1.34%,0.00%,,,,,2.48%
2/6/2024,185.1,177.21,186.49,177.11,122.68M,2.23%,2.47%,2.23%,0.00%,,,,,2.47%
2/5/2024,181.06,184.26,184.68,175.01,133.55M,-3.65%,2.44%,0.00%,-3.65%,,,,,2.44%
2/2/2024,187.91,185.04,188.69,182,110.61M,-0.50%,2.41%,0.00%,-0.50%,,,,,2.41%
2/1/2024,188.86,188.5,189.88,184.28,90.68M,0.84%,2.40%,0.84%,0.00%,,,,,2.40%
1/31/2024,187.29,186.99,193.97,185.85,102.27M,-2.24%,2.38%,0.00%,-2.24%,,,,,2.38%
1/30/2024,191.59,195.33,196.36,190.61,105.54M,0.35%,2.38%,0.35%,0.00%,,,,,2.38%
1/29/2024,190.93,185.63,191.48,183.67,123.60M,4.19%,2.29%,4.19%,0.00%,,,,,2.29%
1/26/2024,183.25,185.5,186.78,182.1,107.34M,0.34%,2.28%,0.34%,0.00%,,,,,2.28%
1/25/2024,182.63,189.7,193,180.06,198.08M,-12.13%,2.25%,0.00%,-12.13%,,,,,2.25%
1/24/2024,207.83,211.88,212.73,206.77,112.94M,-0.63%,2.23%,0.00%,-0.63%,,,,,2.23%
1/23/2024,209.14,211.3,215.65,207.75,105.84M,0.16%,2.22%,0.16%,0.00%,,,,,2.22%
1/22/2024,208.8,212.26,217.8,206.27,117.95M,-1.60%,2.22%,0.00%,-1.60%,,,,,2.22%
1/19/2024,212.19,209.99,213.19,207.56,102.26M,0.15%,2.17%,0.15%,0.00%,,,,,2.17%
1/18/2024,211.88,216.88,217.45,208.74,107.81M,-1.70%,2.12%,0.00%,-1.70%,,,,,2.12%
1/17/2024,215.55,214.86,215.67,212.01,102.58M,-1.98%,2.10%,0.00%,-1.98%,,,,,2.10%
1/16/2024,219.91,215.1,223.49,212.18,114.85M,0.47%,2.09%,0.47%,0.00%,,,,,2.09%
1/12/2024,218.89,220.08,225.34,217.15,123.04M,-3.67%,2.05%,0.00%,-3.67%,,,,,2.05%
1/11/2024,227.22,230.57,230.93,225.37,105.87M,-2.87%,2.04%,0.00%,-2.87%,,,,,2.04%
1/10/2024,233.94,235.1,235.5,231.29,91.32M,-0.43%,2.04%,0.00%,-0.43%,,,,,2.04%
1/9/2024,234.96,238.11,238.96,232.04,96.71M,-2.28%,2.00%,0.00%,-2.28%,,,,,2.00%
1/8/2024,240.45,236.14,241.25,235.3,85.17M,1.25%,1.98%,1.25%,0.00%,,,,,1.98%
1/5/2024,237.49,236.86,240.12,234.9,92.49M,-0.18%,1.88%,0.00%,-0.18%,,,,,1.88%
1/4/2024,237.93,239.25,242.7,237.73,102.23M,-0.22%,1.85%,0.00%,-0.22%,,,,,1.85%
1/3/2024,238.45,244.98,245.68,236.32,120.51M,-4.01%,1.84%,0.00%,-4.01%,,,,,1.84%
1/2/2024,248.42,250.08,251.25,244.41,104.07M,-0.02%,1.81%,0.00%,-0.02%,,,,,1.81%
12/29/2023,248.48,255.1,255.19,247.43,100.89M,-1.86%,1.77%,0.00%,-1.86%,,,,,1.77%
12/28/2023,253.18,263.66,265.13,252.71,112.53M,-3.16%,1.76%,0.00%,-3.16%,,,,,1.76%
12/27/2023,261.44,258.35,263.34,257.52,105.86M,1.88%,1.76%,1.88%,0.00%,,,,,1.76%
12/26/2023,256.61,254.49,257.97,252.91,86.64M,1.61%,1.75%,1.61%,0.00%,,,,,1.75%
12/22/2023,252.54,256.76,258.22,251.37,93.37M,-0.77%,1.74%,0.00%,-0.77%,,,,,1.74%
12/21/2023,254.5,251.9,254.8,248.55,108.96M,2.98%,1.73%,2.98%,0.00%,,,,,1.73%
12/20/2023,247.14,256.41,259.84,247,124.13M,-3.92%,1.70%,0.00%,-3.92%,,,,,1.70%
12/19/2023,257.22,253.48,258.34,253.01,106.29M,2.04%,1.70%,2.04%,0.00%,,,,,1.70%
12/18/2023,252.08,253.78,258.74,251.36,116.42M,-0.56%,1.66%,0.00%,-0.56%,,,,,1.66%
12/15/2023,253.5,251.21,254.13,248.3,135.93M,0.98%,1.65%,0.98%,0.00%,,,,,1.65%
12/14/2023,251.05,241.22,253.88,240.79,160.12M,4.91%,1.62%,4.91%,0.00%,,,,,1.62%
12/13/2023,239.29,234.19,240.3,228.2,145.29M,0.96%,1.61%,0.96%,0.00%,,,,,1.61%
12/12/2023,237.01,238.55,238.99,233.87,94.92M,-1.14%,1.57%,0.00%,-1.14%,,,,,1.57%
12/11/2023,239.74,242.74,243.44,237.45,97.62M,-1.68%,1.56%,0.00%,-1.68%,,,,,1.56%
12/8/2023,243.84,240.27,245.27,239.27,103.13M,0.49%,1.52%,0.49%,0.00%,,,,,1.52%
12/7/2023,242.64,241.55,244.08,236.98,106.73M,1.37%,1.47%,1.37%,0.00%,,,,,1.47%
12/6/2023,239.37,242.92,246.57,239.17,126.44M,0.27%,1.43%,0.27%,0.00%,,,,,1.43%
12/5/2023,238.72,233.87,246.66,233.7,137.40M,1.33%,1.39%,1.33%,0.00%,,,,,1.39%
12/4/2023,235.58,235.75,239.37,233.29,103.81M,-1.36%,1.38%,0.00%,-1.36%,,,,,1.38%
12/1/2023,238.83,233.14,240.19,231.9,121.33M,-0.52%,1.37%,0.00%,-0.52%,,,,,1.37%
11/30/2023,240.08,245.14,245.22,236.91,129.35M,-1.66%,1.36%,0.00%,-1.66%,,,,,1.36%
11/29/2023,244.14,249.21,252.75,242.76,134.65M,-1.05%,1.34%,0.00%,-1.05%,,,,,1.34%
11/28/2023,246.72,236.68,247,234.01,147.24M,4.51%,1.33%,4.51%,0.00%,,,,,1.33%
11/27/2023,236.08,236.89,238.33,232.1,111.51M,0.27%,1.33%,0.27%,0.00%,,,,,1.33%
11/24/2023,235.45,233.75,238.75,232.33,65.03M,0.53%,1.30%,0.53%,0.00%,,,,,1.30%
11/22/2023,234.21,242.04,244.01,231.4,118.12M,-2.90%,1.28%,0.00%,-2.90%,,,,,1.28%
11/21/2023,241.2,235.04,243.62,233.34,122.29M,2.38%,1.25%,2.38%,0.00%,,,,,1.25%
11/20/2023,235.6,234.04,237.1,231.02,116.56M,0.55%,1.25%,0.55%,0.00%,,,,,1.25%
11/17/2023,234.3,232,237.39,226.54,142.77M,0.30%,1.24%,0.30%,0.00%,,,,,1.24%
11/16/2023,233.59,239.49,240.88,230.96,135.46M,-3.81%,1.22%,0.00%,-3.81%,,,,,1.22%
11/15/2023,242.84,239.29,246.7,236.45,149.64M,2.29%,1.20%,2.29%,0.00%,,,,,1.20%
11/14/2023,237.41,235.03,238.13,230.72,147.56M,6.12%,1.16%,6.12%,0.00%,,,,,1.16%
11/13/2023,223.71,215.6,225.4,211.61,138.76M,4.22%,1.12%,4.22%,0.00%,,,,,1.12%
11/10/2023,214.65,210.03,215.38,205.69,131.31M,2.22%,1.10%,2.22%,0.00%,,,,,1.10%
11/9/2023,209.98,219.75,220.8,206.68,141.30M,-5.46%,1.06%,0.00%,-5.46%,,,,,1.06%
11/8/2023,222.11,223.15,224.15,217.64,105.60M,-0.03%,1.05%,0.00%,-0.03%,,,,,1.05%
11/7/2023,222.18,219.98,223.12,215.72,116.02M,1.33%,1.05%,1.33%,0.00%,,,,,1.05%
11/6/2023,219.27,223.98,226.32,215,116.55M,-0.31%,1.05%,0.00%,-0.31%,,,,,1.05%
11/3/2023,219.96,221.15,226.37,218.4,119.54M,0.66%,1.02%,0.66%,0.00%,,,,,1.02%
11/2/2023,218.51,212.97,219.2,211.45,124.39M,6.25%,1.02%,6.25%,0.00%,,,,,1.02%
11/1/2023,205.66,204.04,205.99,197.85,121.66M,2.40%,0.98%,2.40%,0.00%,,,,,0.98%
10/31/2023,200.84,196.12,202.8,194.07,117.59M,1.76%,0.96%,1.76%,0.00%,,,,,0.96%
10/30/2023,197.36,209.28,210.88,194.67,135.52M,-4.79%,0.95%,0.00%,-4.79%,,,,,0.95%
10/27/2023,207.3,210.6,212.41,205.77,94.88M,0.75%,0.91%,0.75%,0.00%,,,,,0.91%
10/26/2023,205.76,211.32,214.8,204.88,113.83M,-3.14%,0.86%,0.00%,-3.14%,,,,,0.86%
10/25/2023,212.42,215.88,220.1,212.2,105.41M,-1.89%,0.86%,0.00%,-1.89%,,,,,0.86%
10/24/2023,216.52,216.5,222.05,214.11,117.48M,2.09%,0.84%,2.09%,0.00%,,,,,0.84%
10/23/2023,212.08,210,216.98,202.51,149.25M,0.04%,0.83%,0.04%,0.00%,,,,,0.83%
10/20/2023,211.99,217.01,218.86,210.42,138.01M,-3.69%,0.82%,0.00%,-3.69%,,,,,0.82%
10/19/2023,220.11,225.95,230.61,216.78,169.09M,-9.30%,0.75%,0.00%,-9.30%,,,,,0.75%
10/18/2023,242.68,252.7,254.63,242.08,114.65M,-4.78%,0.74%,0.00%,-4.78%,,,,,0.74%
10/17/2023,254.85,250.1,257.18,247.08,93.30M,0.37%,0.72%,0.37%,0.00%,,,,,0.72%
10/16/2023,253.92,250.05,255.4,248.48,88.63M,1.12%,0.66%,1.12%,0.00%,,,,,0.66%
10/13/2023,251.12,258.9,259.6,250.22,102.30M,-2.99%,0.66%,0.00%,-2.99%,,,,,0.66%
10/12/2023,258.87,262.92,265.41,256.63,111.51M,-1.57%,0.60%,0.00%,-1.57%,,,,,0.60%
10/11/2023,262.99,266.2,268.6,260.9,103.39M,-0.24%,0.60%,0.00%,-0.24%,,,,,0.60%
10/10/2023,263.62,257.75,268.94,257.65,122.10M,1.52%,0.60%,1.52%,0.00%,,,,,0.60%
10/9/2023,259.67,255.31,261.36,252.05,101.38M,-0.33%,0.56%,0.00%,-0.33%,,,,,0.56%
10/6/2023,260.53,253.98,261.65,250.65,118.12M,0.18%,0.55%,0.18%,0.00%,,,,,0.55%
10/5/2023,260.05,260,263.6,256.25,118.78M,-0.43%,0.55%,0.00%,-0.43%,,,,,0.55%
10/4/2023,261.16,248.14,261.86,247.6,128.88M,5.93%,0.53%,5.93%,0.00%,,,,,0.53%
10/3/2023,246.53,248.61,250.02,244.45,101.52M,-2.02%,0.52%,0.00%,-2.02%,,,,,0.52%
10/2/2023,251.6,244.81,254.28,242.62,123.81M,0.55%,0.49%,0.55%,0.00%,,,,,0.49%
9/29/2023,250.22,250,254.77,246.35,128.52M,1.56%,0.49%,1.56%,0.00%,,,,,0.49%
9/28/2023,246.38,240.02,247.55,238.65,116.51M,2.44%,0.47%,2.44%,0.00%,,,,,0.47%
9/27/2023,240.5,244.26,245.33,234.58,136.06M,-1.48%,0.46%,0.00%,-1.48%,,,,,0.46%
9/26/2023,244.12,242.98,249.55,241.66,101.53M,-1.16%,0.46%,0.00%,-1.16%,,,,,0.46%
9/25/2023,246.99,243.38,247.1,238.31,104.09M,0.86%,0.38%,0.86%,0.00%,,,,,0.38%
9/22/2023,244.88,257.4,257.79,244.48,127.52M,-4.23%,0.38%,0.00%,-4.23%,,,,,0.38%
9/21/2023,255.7,257.85,260.86,254.21,119.13M,-2.62%,0.37%,0.00%,-2.62%,,,,,0.37%
9/20/2023,262.59,267.04,273.93,262.46,121.79M,-1.47%,0.37%,0.00%,-1.47%,,,,,0.37%
9/19/2023,266.5,264.35,267.85,261.2,103.16M,0.46%,0.37%,0.46%,0.00%,,,,,0.37%
9/18/2023,265.28,271.16,271.44,263.76,100.73M,-3.32%,0.35%,0.00%,-3.32%,,,,,0.35%
9/15/2023,274.39,277.55,278.98,271,133.69M,-0.60%,0.34%,0.00%,-0.60%,,,,,0.34%
9/14/2023,276.04,271.32,276.71,270.42,107.09M,1.75%,0.30%,1.75%,0.00%,,,,,0.30%
9/13/2023,271.3,270.07,274.98,268.1,111.17M,1.43%,0.30%,1.43%,0.00%,,,,,0.30%
9/12/2023,267.48,270.76,278.39,266.6,135.44M,-2.23%,0.28%,0.00%,-2.23%,,,,,0.28%
9/11/2023,273.58,264.27,274.85,260.61,173.39M,10.09%,0.27%,10.09%,0.00%,,,,,0.27%
9/8/2023,248.5,251.22,256.52,246.67,118.56M,-1.19%,0.27%,0.00%,-1.19%,,,,,0.27%
9/7/2023,251.49,245.07,252.81,243.26,114.03M,-0.17%,0.19%,0.00%,-0.17%,,,,,0.19%
9/6/2023,251.92,255.13,255.39,245.06,116.51M,-1.78%,0.18%,0.00%,-1.78%,,,,,0.18%
9/5/2023,256.49,245,258,244.86,128.78M,4.69%,0.17%,4.69%,0.00%,,,,,0.17%
9/1/2023,245.01,257.26,259.08,242.01,132.54M,-5.06%,0.16%,0.00%,-5.06%,,,,,0.16%
8/31/2023,258.08,255.98,261.18,255.05,108.14M,0.46%,0.15%,0.46%,0.00%,,,,,0.15%
8/30/2023,256.9,254.2,260.51,250.59,121.66M,-0.11%,0.10%,0.00%,-0.11%,,,,,0.10%
8/29/2023,257.18,238.58,257.48,237.77,133.13M,7.69%,0.10%,7.69%,0.00%,,,,,0.10%
8/28/2023,238.82,242.58,244.38,235.35,107.29M,0.10%,0.10%,0.10%,0.00%,,,,,0.10%
8/25/2023,238.59,231.31,239,230.35,106.61M,3.72%,0.07%,3.72%,0.00%,,,,,0.07%
8/24/2023,230.04,238.66,238.92,228.18,99.19M,-2.88%,0.04%,0.00%,-2.88%,,,,,0.04%
8/23/2023,236.86,229.34,238.98,229.29,98.61M,1.57%,-0.02%,1.57%,0.00%,,,,,0.00%
8/22/2023,233.19,240.25,240.82,229.55,130.23M,0.83%,-0.03%,0.83%,0.00%,,,,,0.00%
8/21/2023,231.28,221.55,232.13,220.58,134.51M,7.33%,-0.04%,7.33%,0.00%,,,,,0.00%
8/18/2023,215.49,214.12,217.58,212.36,136.28M,-1.70%,-0.08%,0.00%,-1.70%,,,,,0.00%
8/17/2023,219.22,226.06,226.74,218.83,119.13M,-2.83%,-0.11%,0.00%,-2.83%,,,,,0.00%
8/16/2023,225.6,228.02,233.97,225.38,111.54M,-3.16%,-0.13%,0.00%,-3.16%,,,,,0.00%
8/15/2023,232.96,238.73,240.5,232.61,87.34M,-2.84%,-0.17%,0.00%,-2.84%,,,,,0.00%
8/14/2023,239.76,235.7,240.66,233.75,98.60M,-1.19%,-0.18%,0.00%,-1.19%,,,,,0.00%
8/11/2023,242.65,241.77,243.79,238.02,99.04M,-1.10%,-0.22%,0.00%,-1.10%,,,,,0.00%
8/10/2023,245.34,245.4,251.8,243,109.04M,1.30%,-0.24%,1.30%,0.00%,,,,,0.00%
8/9/2023,242.19,250.87,251.1,241.9,99.98M,-3.01%,-0.25%,0.00%,-3.01%,,,,,0.00%
8/8/2023,249.7,247.45,250.92,245.01,96.36M,-0.70%,-0.25%,0.00%,-0.70%,,,,,0.00%
8/7/2023,251.45,251.45,253.65,242.76,111.10M,-0.95%,-0.30%,0.00%,-0.95%,,,,,0.00%
8/4/2023,253.86,260.97,264.77,253.11,99.54M,-2.11%,-0.31%,0.00%,-2.11%,,,,,0.00%
8/3/2023,259.32,252.04,260.49,252,96.95M,2.05%,-0.32%,2.05%,0.00%,,,,,0.00%
8/2/2023,254.11,255.57,259.52,250.49,100.98M,-2.67%,-0.33%,0.00%,-2.67%,,,,,0.00%
8/1/2023,261.07,266.26,266.47,260.25,82.50M,-2.38%,-0.35%,0.00%,-2.38%,,,,,0.00%
7/31/2023,267.43,267.48,269.08,263.78,84.27M,0.37%,-0.35%,0.37%,0.00%,,,,,0.00%
7/28/2023,266.44,259.86,267.25,258.23,111.45M,4.20%,-0.36%,4.20%,0.00%,,,,,0.00%
7/27/2023,255.71,268.31,269.13,255.3,103.70M,-3.27%,-0.43%,0.00%,-3.27%,,,,,0.00%
7/26/2023,264.35,263.25,268.04,261.75,95.86M,-0.35%,-0.43%,0.00%,-0.35%,,,,,0.00%
7/25/2023,265.28,272.38,272.9,265,112.76M,-1.40%,-0.48%,0.00%,-1.40%,,,,,0.00%
7/24/2023,269.06,255.85,269.85,254.12,137.01M,3.48%,-0.50%,3.48%,0.00%,,,,,0.00%
7/21/2023,260.02,268,268,255.8,161.80M,-1.10%,-0.52%,0.00%,-1.10%,,,,,0.00%
7/20/2023,262.9,279.56,280.93,261.2,175.16M,-9.74%,-0.56%,0.00%,-9.74%,,,,,0.00%
7/19/2023,291.26,296.04,299.29,289.52,142.36M,-0.71%,-0.60%,0.00%,-0.71%,,,,,0.00%
7/18/2023,293.34,290.15,295.26,286.01,111.59M,1.02%,-0.63%,1.02%,0.00%,,,,,0.00%
7/17/2023,290.38,286.63,292.23,283.57,130.18M,3.20%,-0.70%,3.20%,0.00%,,,,,0.00%
7/14/2023,281.38,277.01,285.3,276.31,120.06M,1.25%,-0.71%,1.25%,0.00%,,,,,0.00%
7/13/2023,277.9,274.59,279.45,270.6,112.68M,2.17%,-0.74%,2.17%,0.00%,,,,,0.00%
7/12/2023,271.99,276.32,276.52,271.46,95.67M,0.82%,-0.76%,0.82%,0.00%,,,,,0.00%
7/11/2023,269.79,268.65,270.9,266.37,91.97M,0.07%,-0.77%,0.07%,0.00%,,,,,0.00%
7/10/2023,269.61,276.47,277.52,265.1,119.43M,-1.76%,-0.77%,0.00%,-1.76%,,,,,0.00%
7/7/2023,274.43,278.43,280.78,273.77,113.88M,-0.76%,-0.92%,0.00%,-0.76%,,,,,0.00%
7/6/2023,276.54,278.09,279.97,272.88,120.71M,-2.10%,-0.94%,0.00%,-2.10%,,,,,0.00%
7/5/2023,282.48,278.82,283.85,277.6,131.53M,0.95%,-0.94%,0.95%,0.00%,,,,,0.00%
7/3/2023,279.82,276.49,284.25,275.11,119.69M,6.90%,-0.94%,6.90%,0.00%,,,,,0.00%
6/30/2023,261.77,260.6,264.45,259.89,112.62M,1.66%,-0.95%,1.66%,0.00%,,,,,0.00%
6/29/2023,257.5,258.03,260.74,253.61,131.28M,0.49%,-0.97%,0.49%,0.00%,,,,,0.00%
6/28/2023,256.24,249.7,259.88,248.89,159.77M,2.41%,-1.05%,2.41%,0.00%,,,,,0.00%
6/27/2023,250.21,243.24,250.39,240.85,164.97M,3.80%,-1.06%,3.80%,0.00%,,,,,0.00%
6/26/2023,241.05,250.06,258.37,240.7,179.99M,-6.06%,-1.10%,0.00%,-6.06%,,,,,0.00%
6/23/2023,256.6,259.29,262.45,252.8,177.46M,-3.03%,-1.10%,0.00%,-3.03%,,,,,0.00%
6/22/2023,264.61,250.77,265,248.25,166.88M,1.98%,-1.11%,1.98%,0.00%,,,,,0.00%
6/21/2023,259.46,275.13,276.99,257.78,211.80M,-5.46%,-1.12%,0.00%,-5.46%,,,,,0.00%
6/20/2023,274.45,261.5,274.75,261.12,165.61M,5.34%,-1.14%,5.34%,0.00%,,,,,0.00%
6/16/2023,260.54,258.92,263.6,257.21,167.92M,1.81%,-1.14%,1.81%,0.00%,,,,,0.00%
6/15/2023,255.9,248.4,258.95,247.29,160.17M,-0.35%,-1.15%,0.00%,-0.35%,,,,,0.00%
6/14/2023,256.79,260.17,261.57,250.5,170.58M,-0.74%,-1.16%,0.00%,-0.74%,,,,,0.00%
6/13/2023,258.71,253.51,259.68,251.34,162.38M,3.55%,-1.16%,3.55%,0.00%,,,,,0.00%
6/12/2023,249.83,247.94,250.97,244.59,150.74M,2.22%,-1.19%,2.22%,0.00%,,,,,0.00%
6/9/2023,244.4,249.07,252.42,242.02,200.24M,4.06%,-1.19%,4.06%,0.00%,,,,,0.00%
6/8/2023,234.86,224.22,235.23,223.01,164.49M,4.58%,-1.25%,4.58%,0.00%,,,,,0.00%
6/7/2023,224.57,228,230.83,223.2,185.71M,1.47%,-1.36%,1.47%,0.00%,,,,,0.00%
6/6/2023,221.31,216.14,221.91,212.53,146.91M,1.70%,-1.37%,1.70%,0.00%,,,,,0.00%
6/5/2023,217.61,217.8,221.29,214.52,151.14M,1.70%,-1.40%,1.70%,0.00%,,,,,0.00%
6/2/2023,213.97,210.15,217.25,209.75,164.40M,3.11%,-1.43%,3.11%,0.00%,,,,,0.00%
6/1/2023,207.52,202.59,209.8,199.37,148.03M,1.76%,-1.43%,1.76%,0.00%,,,,,0.00%
5/31/2023,203.93,199.78,203.95,195.12,150.71M,1.38%,-1.46%,1.38%,0.00%,,,,,0.00%
5/30/2023,201.16,200.1,204.48,197.53,128.82M,4.14%,-1.47%,4.14%,0.00%,,,,,0.00%
5/26/2023,193.17,184.62,198.6,184.53,162.06M,4.72%,-1.48%,4.72%,0.00%,,,,,0.00%
5/25/2023,184.47,186.54,186.78,180.58,96.87M,0.86%,-1.51%,0.86%,0.00%,,,,,0.00%
5/24/2023,182.9,182.23,184.22,178.22,137.61M,-1.54%,-1.53%,0.00%,-1.54%,,,,,0.00%
5/23/2023,185.77,186.2,192.96,185.26,156.95M,-1.64%,-1.53%,0.00%,-1.64%,,,,,0.00%
5/22/2023,188.87,180.7,189.32,180.11,132.00M,4.85%,-1.54%,4.85%,0.00%,,,,,0.00%
5/19/2023,180.14,177.17,181.95,176.31,136.20M,1.84%,-1.54%,1.84%,0.00%,,,,,0.00%
5/18/2023,176.89,174.22,177.06,172.45,109.52M,1.74%,-1.57%,1.74%,0.00%,,,,,0.00%
5/17/2023,173.86,168.41,174.5,167.19,125.47M,4.41%,-1.60%,4.41%,0.00%,,,,,0.00%
5/16/2023,166.52,165.65,169.52,164.35,98.29M,0.10%,-1.62%,0.10%,0.00%,,,,,0.00%
5/15/2023,166.35,167.66,169.76,164.55,105.59M,-0.97%,-1.64%,0.00%,-0.97%,,,,,0.00%
5/12/2023,167.98,176.07,177.38,167.23,157.85M,-2.38%,-1.66%,0.00%,-2.38%,,,,,0.00%
5/11/2023,172.08,168.7,173.57,166.79,103.89M,2.10%,-1.68%,2.10%,0.00%,,,,,0.00%
5/10/2023,168.54,172.55,174.43,166.68,119.84M,-0.36%,-1.70%,0.00%,-0.36%,,,,,0.00%
5/9/2023,169.15,168.95,169.82,166.56,88.97M,-1.54%,-1.70%,0.00%,-1.54%,,,,,0.00%
5/8/2023,171.79,173.72,173.8,169.19,112.25M,1.02%,-1.76%,1.02%,0.00%,,,,,0.00%
5/5/2023,170.06,163.97,170.79,163.51,107.61M,5.50%,-1.78%,5.50%,0.00%,,,,,0.00%
5/4/2023,161.2,162.71,162.95,159.65,95.11M,0.37%,-1.83%,0.37%,0.00%,,,,,0.00%
5/3/2023,160.61,160.01,165,159.91,119.73M,0.19%,-1.85%,0.19%,0.00%,,,,,0.00%
5/2/2023,160.31,161.88,165.49,158.93,128.26M,-0.94%,-1.86%,0.00%,-0.94%,,,,,0.00%
5/1/2023,161.83,163.17,163.28,158.83,109.02M,-1.51%,-1.89%,0.00%,-1.51%,,,,,0.00%
4/28/2023,164.31,160.9,165,157.32,122.52M,2.57%,-1.92%,2.57%,0.00%,,,,,0.00%
4/27/2023,160.19,152.64,160.48,152.37,127.02M,4.19%,-1.98%,4.19%,0.00%,,,,,0.00%
4/26/2023,153.75,160.29,160.67,153.14,153.36M,-4.31%,-2.01%,0.00%,-4.31%,,,,,0.00%
4/25/2023,160.67,159.82,163.47,158.75,122.00M,-1.16%,-2.02%,0.00%,-1.16%,,,,,0.00%
4/24/2023,162.55,164.65,165.65,158.61,140.01M,-1.53%,-2.02%,0.00%,-1.53%,,,,,0.00%
4/21/2023,165.08,164.8,166,161.32,123.54M,1.28%,-2.03%,1.28%,0.00%,,,,,0.00%
4/20/2023,162.99,166.16,169.7,160.56,210.97M,-9.75%,-2.06%,0.00%,-9.75%,,,,,0.00%
4/19/2023,180.59,179.1,183.5,177.65,125.73M,-2.02%,-2.10%,0.00%,-2.02%,,,,,0.00%
4/18/2023,184.31,187.15,187.69,183.58,92.07M,-1.46%,-2.11%,0.00%,-1.46%,,,,,0.00%
4/17/2023,187.04,186.32,189.69,182.69,116.66M,1.10%,-2.17%,1.10%,0.00%,,,,,0.00%
4/14/2023,185,183.95,186.28,182.01,96.44M,-0.48%,-2.18%,0.00%,-0.48%,,,,,0.00%
4/13/2023,185.9,182.96,186.5,180.94,112.93M,2.97%,-2.23%,2.97%,0.00%,,,,,0.00%
4/12/2023,180.54,190.74,191.58,180.31,150.26M,-3.35%,-2.24%,0.00%,-3.35%,,,,,0.00%
4/11/2023,186.79,186.69,189.19,185.65,115.77M,1.24%,-2.25%,1.24%,0.00%,,,,,0.00%
4/10/2023,184.51,179.94,185.1,176.11,142.15M,-0.30%,-2.28%,0.00%,-0.30%,,,,,0.00%
4/6/2023,185.06,183.08,186.39,179.74,123.86M,-0.25%,-2.32%,0.00%,-0.25%,,,,,0.00%
4/5/2023,185.52,190.51,190.68,183.76,133.88M,-3.67%,-2.38%,0.00%,-3.67%,,,,,0.00%
4/4/2023,192.58,197.32,198.74,190.32,126.46M,-1.12%,-2.38%,0.00%,-1.12%,,,,,0.00%
4/3/2023,194.77,199.91,202.69,192.2,169.55M,-6.12%,-2.57%,0.00%,-6.12%,,,,,0.00%
3/31/2023,207.46,197.53,207.79,197.2,170.22M,6.24%,-2.62%,6.24%,0.00%,,,,,0.00%
3/30/2023,195.28,195.58,197.33,194.42,110.25M,0.72%,-2.67%,0.72%,0.00%,,,,,0.00%
3/29/2023,193.88,193.13,195.29,189.44,123.66M,2.48%,-2.71%,2.48%,0.00%,,,,,0.00%
3/28/2023,189.19,192,192.35,185.43,98.65M,-1.37%,-2.76%,0.00%,-1.37%,,,,,0.00%
3/27/2023,191.81,194.41,197.39,189.94,120.85M,0.74%,-2.81%,0.74%,0.00%,,,,,0.00%
3/24/2023,190.41,191.65,192.36,187.15,116.53M,-0.94%,-2.83%,0.00%,-0.94%,,,,,0.00%
3/23/2023,192.22,195.26,199.31,188.65,144.19M,0.56%,-2.84%,0.56%,0.00%,,,,,0.00%
3/22/2023,191.15,199.3,200.66,190.95,150.38M,-3.25%,-2.87%,0.00%,-3.25%,,,,,0.00%
3/21/2023,197.58,188.28,198,188.04,153.39M,7.82%,-2.88%,7.82%,0.00%,,,,,0.00%
3/20/2023,183.25,178.08,186.44,176.35,129.68M,1.73%,-2.89%,1.73%,0.00%,,,,,0.00%
3/17/2023,180.13,184.51,186.22,177.33,133.20M,-2.17%,-2.90%,0.00%,-2.17%,,,,,0.00%
3/16/2023,184.13,180.37,185.81,178.84,121.37M,2.04%,-2.90%,2.04%,0.00%,,,,,0.00%
3/15/2023,180.45,180.8,182.34,176.03,146.00M,-1.53%,-2.99%,0.00%,-1.53%,,,,,0.00%
3/14/2023,183.26,177.31,183.8,177.14,143.72M,5.03%,-3.01%,5.03%,0.00%,,,,,0.00%
3/13/2023,174.48,167.46,177.35,163.91,167.79M,0.60%,-3.03%,0.60%,0.00%,,,,,0.00%
3/10/2023,173.44,175.13,178.29,168.44,191.49M,0.30%,-3.04%,0.30%,0.00%,,,,,0.00%
3/9/2023,172.92,180.25,185.18,172.51,170.02M,-4.99%,-3.10%,0.00%,-4.99%,,,,,0.00%
3/8/2023,182,185.04,186.5,180,151.90M,-3.04%,-3.14%,0.00%,-3.04%,,,,,0.00%
3/7/2023,187.71,191.38,194.2,186.1,148.13M,-3.15%,-3.15%,0.00%,-3.15%,,,,,0.00%
3/6/2023,193.81,198.54,198.6,192.3,128.10M,-2.01%,-3.16%,0.00%,-2.01%,,,,,0.00%
3/3/2023,197.79,194.79,200.48,192.88,154.19M,3.61%,-3.16%,3.61%,0.00%,,,,,0.00%
3/2/2023,190.9,186.74,193.75,186.01,181.98M,-5.85%,-3.25%,0.00%,-5.85%,,,,,0.00%
3/1/2023,202.77,206.21,207.2,198.52,156.85M,-1.43%,-3.27%,0.00%,-1.43%,,,,,0.00%
2/28/2023,205.71,210.59,211.23,203.75,153.14M,-0.92%,-3.32%,0.00%,-0.92%,,,,,0.00%
2/27/2023,207.63,202.03,209.42,201.26,161.03M,5.46%,-3.35%,5.46%,0.00%,,,,,0.00%
2/24/2023,196.88,196.32,197.67,192.8,142.23M,-2.57%,-3.40%,0.00%,-2.57%,,,,,0.00%
2/23/2023,202.07,203.91,205.14,196.33,146.36M,0.60%,-3.55%,0.60%,0.00%,,,,,0.00%
2/22/2023,200.86,197.93,201.99,191.78,191.83M,1.77%,-3.63%,1.77%,0.00%,,,,,0.00%
2/21/2023,197.37,204.99,209.71,197.22,180.02M,-5.25%,-3.65%,0.00%,-5.25%,,,,,0.00%
2/17/2023,208.31,199.99,208.44,197.5,213.74M,3.10%,-3.67%,3.10%,0.00%,,,,,0.00%
2/16/2023,202.04,210.78,217.65,201.84,229.59M,-5.69%,-3.67%,0.00%,-5.69%,,,,,0.00%
2/15/2023,214.24,211.75,214.66,206.11,182.11M,2.38%,-3.69%,2.38%,0.00%,,,,,0.00%
2/14/2023,209.25,191.94,209.82,189.44,216.46M,7.51%,-3.81%,7.51%,0.00%,,,,,0.00%
2/13/2023,194.64,194.41,196.3,187.61,172.48M,-1.14%,-3.92%,0.00%,-1.14%,,,,,0.00%
2/10/2023,196.89,202.22,206.2,192.89,204.75M,-5.03%,-3.93%,0.00%,-5.03%,,,,,0.00%
2/9/2023,207.32,207.78,214,204.77,215.43M,3.00%,-4.01%,3.00%,0.00%,,,,,0.00%
2/8/2023,201.29,196.1,203,194.31,180.67M,2.28%,-4.12%,2.28%,0.00%,,,,,0.00%
2/7/2023,196.81,196.43,197.5,189.55,186.01M,1.05%,-4.23%,1.05%,0.00%,,,,,0.00%
2/6/2023,194.76,193.01,198.17,189.92,186.19M,2.52%,-4.31%,2.52%,0.00%,,,,,0.00%
2/3/2023,189.98,183.95,199,183.69,232.66M,0.91%,-4.54%,0.91%,0.00%,,,,,0.00%
2/2/2023,188.27,187.32,196.75,182.61,217.45M,3.78%,-4.78%,3.78%,0.00%,,,,,0.00%
2/1/2023,181.41,173.89,183.81,169.93,213.81M,4.73%,-4.79%,4.73%,0.00%,,,,,0.00%
1/31/2023,173.22,164.57,174.3,162.78,196.81M,3.94%,-4.90%,3.94%,0.00%,,,,,0.00%
1/30/2023,166.66,178.05,179.77,166.5,230.88M,-6.32%,-4.99%,0.00%,-6.32%,,,,,0.00%
1/27/2023,177.9,162.43,180.68,161.17,306.59M,11.00%,-5.03%,11.00%,0.00%,,,,,0.00%
1/26/2023,160.27,159.97,161.42,154.76,234.82M,10.97%,-5.06%,10.97%,0.00%,,,,,0.00%
1/25/2023,144.43,141.91,146.41,138.07,192.73M,0.38%,-5.25%,0.38%,0.00%,,,,,0.00%
1/24/2023,143.89,143,146.5,141.1,158.70M,0.10%,-5.43%,0.10%,0.00%,,,,,0.00%
1/23/2023,143.75,135.87,145.38,134.27,203.12M,7.74%,-5.46%,7.74%,0.00%,,,,,0.00%
1/20/2023,133.42,128.68,133.51,127.35,138.86M,4.91%,-5.46%,4.91%,0.00%,,,,,0.00%
1/19/2023,127.17,127.26,129.99,124.31,170.29M,-1.25%,-5.59%,0.00%,-1.25%,,,,,0.00%
1/18/2023,128.78,136.56,136.68,127.01,195.68M,-2.06%,-5.69%,0.00%,-2.06%,,,,,0.00%
1/17/2023,131.49,125.69,131.7,125.02,186.48M,7.43%,-5.85%,7.43%,0.00%,,,,,0.00%
1/13/2023,122.4,116.55,122.63,115.6,180.71M,-0.94%,-6.06%,0.00%,-0.94%,,,,,0.00%
1/12/2023,123.56,122.56,124.13,117,169.40M,0.28%,-6.12%,0.28%,0.00%,,,,,0.00%
1/11/2023,123.22,122.09,125.95,120.51,183.81M,3.68%,-6.32%,3.68%,0.00%,,,,,0.00%
1/10/2023,118.85,121.07,122.76,114.92,167.64M,-0.77%,-7.16%,0.00%,-0.77%,,,,,0.00%
1/9/2023,119.77,118.96,123.52,117.11,190.28M,5.93%,-9.30%,5.93%,0.00%,,,,,0.00%
1/6/2023,113.06,103,114.39,101.81,220.91M,2.47%,-9.74%,2.47%,0.00%,,,,,0.00%
1/5/2023,110.34,110.51,111.75,107.16,157.99M,-2.90%,-9.75%,0.00%,-2.90%,,,,,0.00%
1/4/2023,113.64,109.11,114.59,107.52,180.39M,5.12%,-12.13%,5.12%,0.00%,,,,,0.00%
1/3/2023,108.1,118.47,118.8,104.64,231.40M,-12.24%,-12.24%,0.00%,-12.24%,,,,,0.00%
